{"parameter": {"optimized_var_num": 5, "optimized_var_range": [[12, 32], [2, 22], [0, 10], [12, 32], [12, 32]], "pop_size": 60, "num_generation": 80}, "best_gene": [25.0, 12.0, 0.0, 19.0, 32.0], "best_fitness": 47997377.69836037, "best_gene_list": [[25.0, 12.0, 0.0, 19.0, 32.0], [25.0, 12.0, 0.0, 19.0, 32.0], [25.0, 12.0, 0.0, 19.0, 32.0], [25.0, 12.0, 0.0, 19.0, 32.0], [25.0, 12.0, 0.0, 19.0, 32.0], [25.0, 12.0, 0.0, 19.0, 32.0], [25.0, 12.0, 0.0, 19.0, 32.0], [25.0, 12.0, 0.0, 19.0, 32.0], [25.0, 12.0, 0.0, 19.0, 32.0], [25.0, 12.0, 0.0, 19.0, 32.0], [25.0, 12.0, 0.0, 19.0, 32.0], [25.0, 12.0, 0.0, 19.0, 32.0], [25.0, 12.0, 0.0, 19.0, 32.0], [25.0, 12.0, 0.0, 19.0, 32.0], [25.0, 12.0, 4.0, 19.0, 32.0], [25.0, 12.0, 4.0, 19.0, 32.0], [25.0, 12.0, 4.0, 19.0, 32.0], [25.0, 12.0, 4.0, 19.0, 32.0], [25.0, 12.0, 4.0, 19.0, 32.0], [25.0, 12.0, 4.0, 19.0, 32.0], [25.0, 12.0, 4.0, 19.0, 32.0], [25.0, 12.0, 4.0, 19.0, 32.0], [25.0, 12.0, 4.0, 19.0, 32.0], [25.0, 12.0, 4.0, 19.0, 32.0], [25.0, 12.0, 4.0, 19.0, 32.0], [25.0, 12.0, 4.0, 19.0, 32.0], [25.0, 12.0, 4.0, 19.0, 32.0], [25.0, 12.0, 4.0, 19.0, 32.0], [25.0, 12.0, 4.0, 19.0, 32.0], [25.0, 12.0, 4.0, 19.0, 32.0], [25.0, 12.0, 10.0, 19.0, 32.0], [25.0, 12.0, 0.0, 24.0, 32.0], [25.0, 12.0, 0.0, 19.0, 19.0], [25.0, 12.0, 9.0, 19.0, 32.0], [13.0, 12.0, 0.0, 19.0, 32.0], [25.0, 5.0, 0.0, 19.0, 32.0], [24.0, 12.0, 0.0, 19.0, 32.0], [22.0, 12.0, 0.0, 19.0, 32.0], [25.0, 14.0, 0.0, 19.0, 32.0], [25.0, 12.0, 0.0, 27.0, 32.0], [25.0, 12.0, 0.0, 25.0, 32.0], [25.0, 5.0, 0.0, 19.0, 32.0], [25.0, 12.0, 9.0, 19.0, 32.0], [25.0, 12.0, 4.0, 17.0, 32.0], [23.0, 12.0, 4.0, 19.0, 32.0], [25.0, 12.0, 2.0, 19.0, 32.0], [25.0, 14.0, 4.0, 19.0, 32.0], [25.0, 12.0, 4.0, 25.0, 32.0], [25.0, 12.0, 8.0, 19.0, 32.0], [25.0, 12.0, 4.0, 28.0, 32.0], [13.0, 12.0, 4.0, 19.0, 32.0], [25.0, 12.0, 4.0, 19.0, 32.0], [25.0, 12.0, 4.0, 22.0, 32.0], [25.0, 14.0, 4.0, 19.0, 32.0], [25.0, 12.0, 4.0, 19.0, 32.0], [25.0, 12.0, 5.0, 19.0, 32.0], [25.0, 12.0, 8.0, 19.0, 32.0], [25.0, 12.0, 5.0, 19.0, 32.0], [25.0, 12.0, 4.0, 28.0, 32.0], [25.0, 12.0, 2.0, 19.0, 32.0]], "best_fitness_list": [47997377.69836037, 47997377.69836037, 47997377.69836037, 47997377.69836037, 47997377.69836037, 47997377.69836037, 47997377.69836037, 47997377.69836037, 47997377.69836037, 47997377.69836037, 47997377.69836037, 47997377.69836037, 47997377.69836037, 47997377.69836037, 47947667.77958654, 47947667.77958654, 47947667.77958654, 47947667.77958654, 47947667.77958654, 47947667.77958654, 47947667.77958654, 47947667.77958654, 47947667.77958654, 47947667.77958654, 47947667.77958654, 47947667.77958654, 47947667.77958654, 47947667.77958654, 47947667.77958654, 47947667.77958654, 44541928.87761712, 39882873.10502902, 40979380.73849541, 33379818.490150303, 43154166.22353235, 41892704.96281738, 45749759.791149706, 46057596.21551576, 41290605.568410955, 40943551.77854726, 40022325.13085244, 35598861.049261704, 47330489.84679936, 35549151.130487874, 41842995.04404355, 37986753.57159073, 31186054.896738738, 38084731.717827946, 43105768.93316764, 47947667.77958654, 45664967.83391729, 31186054.896738738, 39147452.95996887, 43128234.02011304, 43105768.93316764, 38954931.35910814, 35616477.66331373, 46083106.67099438, 37679883.038094744, 45823310.044339806]}