{"parameter": {"optimized_var_num": 5, "optimized_var_range": [[2, 22], [12, 32], [0, 10], [12, 32], [12, 32]], "pop_size": 60, "num_generation": 80}, "best_gene": [12.0, 19.0, 0.0, 26.0, 32.0], "best_fitness": 45611617.683521114, "best_gene_list": [[12.0, 19.0, 0.0, 26.0, 32.0], [12.0, 19.0, 0.0, 26.0, 32.0], [12.0, 19.0, 0.0, 26.0, 32.0], [12.0, 19.0, 0.0, 26.0, 32.0], [12.0, 19.0, 0.0, 26.0, 32.0], [12.0, 19.0, 0.0, 26.0, 32.0], [12.0, 19.0, 0.0, 26.0, 32.0], [12.0, 19.0, 0.0, 26.0, 32.0], [12.0, 19.0, 0.0, 26.0, 32.0], [12.0, 19.0, 0.0, 26.0, 32.0], [12.0, 19.0, 0.0, 26.0, 32.0], [12.0, 19.0, 0.0, 26.0, 32.0], [12.0, 19.0, 0.0, 26.0, 32.0], [12.0, 19.0, 0.0, 26.0, 32.0], [12.0, 19.0, 0.0, 26.0, 32.0], [12.0, 19.0, 0.0, 26.0, 32.0], [12.0, 19.0, 0.0, 26.0, 32.0], [12.0, 19.0, 0.0, 26.0, 32.0], [12.0, 19.0, 0.0, 26.0, 32.0], [12.0, 19.0, 4.0, 26.0, 32.0], [12.0, 19.0, 4.0, 26.0, 32.0], [12.0, 19.0, 4.0, 26.0, 32.0], [12.0, 19.0, 4.0, 26.0, 32.0], [12.0, 19.0, 4.0, 26.0, 32.0], [12.0, 19.0, 4.0, 26.0, 32.0], [12.0, 19.0, 4.0, 26.0, 32.0], [12.0, 19.0, 4.0, 26.0, 32.0], [12.0, 19.0, 4.0, 26.0, 32.0], [12.0, 19.0, 4.0, 26.0, 32.0], [12.0, 19.0, 4.0, 26.0, 32.0], [12.0, 16.0, 0.0, 26.0, 32.0], [12.0, 19.0, 10.0, 26.0, 32.0], [12.0, 15.0, 0.0, 26.0, 32.0], [12.0, 19.0, 1.0, 26.0, 32.0], [12.0, 19.0, 0.0, 26.0, 16.0], [22.0, 19.0, 0.0, 26.0, 32.0], [11.0, 19.0, 0.0, 26.0, 32.0], [12.0, 19.0, 0.0, 16.0, 32.0], [12.0, 30.0, 0.0, 26.0, 32.0], [2.0, 19.0, 0.0, 26.0, 32.0], [12.0, 19.0, 0.0, 18.0, 32.0], [12.0, 22.0, 0.0, 26.0, 32.0], [12.0, 26.0, 0.0, 26.0, 32.0], [12.0, 19.0, 0.0, 25.0, 32.0], [12.0, 19.0, 0.0, 25.0, 32.0], [12.0, 19.0, 0.0, 19.0, 32.0], [12.0, 26.0, 0.0, 26.0, 32.0], [12.0, 19.0, 4.0, 26.0, 32.0], [17.0, 19.0, 0.0, 26.0, 32.0], [7.0, 19.0, 4.0, 26.0, 32.0], [12.0, 19.0, 4.0, 26.0, 24.0], [12.0, 19.0, 4.0, 21.0, 32.0], [12.0, 19.0, 4.0, 12.0, 32.0], [12.0, 19.0, 2.0, 26.0, 32.0], [12.0, 19.0, 4.0, 15.0, 32.0], [12.0, 19.0, 5.0, 26.0, 32.0], [12.0, 21.0, 4.0, 26.0, 32.0], [12.0, 13.0, 4.0, 26.0, 32.0], [12.0, 31.0, 4.0, 26.0, 32.0], [12.0, 19.0, 4.0, 24.0, 32.0]], "best_fitness_list": [45611617.683521114, 45611617.683521114, 45611617.683521114, 45611617.683521114, 45611617.683521114, 45611617.683521114, 45611617.683521114, 45611617.683521114, 45611617.683521114, 45611617.683521114, 45611617.683521114, 45611617.683521114, 45611617.683521114, 45611617.683521114, 45611617.683521114, 45611617.683521114, 45611617.683521114, 45611617.683521114, 45561907.764747284, 45561907.764747284, 45561907.764747284, 45561907.764747284, 45561907.764747284, 45561907.764747284, 45561907.764747284, 45561907.764747284, 45561907.764747284, 45561907.764747284, 45561907.764747284, 45561907.764747284, 32498713.01748275, 38259679.42225306, 27464163.330452938, 31517923.43191739, 43529772.60202643, 30680432.124551587, 36575842.83542235, 40847816.81648326, 40768406.20869308, 38210964.26554891, 33191366.412931006, 29173161.87349409, 42801469.395283684, 30752805.59041386, 45611617.683521114, 29802865.538531326, 39249734.81847774, 29476695.604377896, 29176517.558421172, 29451516.14390122, 40768406.20869308, 30700520.673262715, 39389592.54196748, 38259679.42225306, 45561907.764747284, 29272420.266745903, 40897698.51003849, 43480062.6832526, 45561907.764747284, 35698971.70298869]}