{"parameter": {"optimized_var_num": 5, "optimized_var_range": [[12, 32], [12, 32], [0, 10], [12, 32], [2, 22]], "pop_size": 60, "num_generation": 80}, "best_gene": [25.0, 32.0, 0.0, 19.0, 12.0], "best_fitness": 47869733.77035563, "best_gene_list": [[25.0, 32.0, 0.0, 19.0, 12.0], [25.0, 32.0, 0.0, 19.0, 12.0], [25.0, 32.0, 0.0, 19.0, 12.0], [25.0, 32.0, 0.0, 19.0, 12.0], [25.0, 32.0, 0.0, 19.0, 12.0], [25.0, 32.0, 4.0, 19.0, 12.0], [25.0, 32.0, 4.0, 19.0, 12.0], [25.0, 32.0, 4.0, 19.0, 12.0], [25.0, 32.0, 4.0, 19.0, 12.0], [25.0, 32.0, 4.0, 19.0, 12.0], [25.0, 32.0, 4.0, 19.0, 12.0], [25.0, 32.0, 4.0, 19.0, 12.0], [25.0, 32.0, 4.0, 19.0, 12.0], [25.0, 32.0, 4.0, 19.0, 12.0], [26.0, 32.0, 0.0, 19.0, 12.0], [26.0, 32.0, 0.0, 19.0, 12.0], [26.0, 32.0, 0.0, 19.0, 12.0], [26.0, 32.0, 0.0, 19.0, 12.0], [26.0, 32.0, 0.0, 19.0, 12.0], [26.0, 32.0, 0.0, 19.0, 12.0], [26.0, 32.0, 0.0, 19.0, 12.0], [26.0, 32.0, 0.0, 19.0, 12.0], [26.0, 32.0, 0.0, 19.0, 12.0], [26.0, 32.0, 4.0, 19.0, 12.0], [26.0, 32.0, 4.0, 19.0, 12.0], [26.0, 32.0, 4.0, 19.0, 12.0], [26.0, 32.0, 4.0, 19.0, 12.0], [26.0, 32.0, 4.0, 19.0, 12.0], [26.0, 32.0, 4.0, 19.0, 12.0], [26.0, 32.0, 4.0, 19.0, 12.0], [25.0, 32.0, 0.0, 19.0, 12.0], [25.0, 23.0, 0.0, 19.0, 12.0], [25.0, 32.0, 0.0, 12.0, 12.0], [25.0, 32.0, 7.0, 19.0, 12.0], [25.0, 22.0, 0.0, 19.0, 12.0], [25.0, 32.0, 4.0, 24.0, 12.0], [25.0, 32.0, 3.0, 19.0, 12.0], [25.0, 32.0, 4.0, 19.0, 17.0], [25.0, 32.0, 4.0, 19.0, 17.0], [25.0, 26.0, 4.0, 19.0, 12.0], [25.0, 13.0, 4.0, 19.0, 12.0], [26.0, 32.0, 4.0, 19.0, 12.0], [20.0, 32.0, 4.0, 19.0, 12.0], [25.0, 32.0, 4.0, 19.0, 11.0], [26.0, 32.0, 1.0, 19.0, 12.0], [26.0, 32.0, 0.0, 31.0, 12.0], [26.0, 32.0, 0.0, 19.0, 12.0], [26.0, 19.0, 0.0, 19.0, 12.0], [26.0, 12.0, 0.0, 19.0, 12.0], [26.0, 32.0, 5.0, 19.0, 12.0], [26.0, 32.0, 0.0, 21.0, 12.0], [26.0, 32.0, 0.0, 19.0, 21.0], [26.0, 32.0, 0.0, 18.0, 12.0], [26.0, 32.0, 4.0, 19.0, 9.0], [26.0, 32.0, 4.0, 24.0, 12.0], [26.0, 18.0, 4.0, 19.0, 12.0], [26.0, 32.0, 1.0, 19.0, 12.0], [19.0, 32.0, 4.0, 19.0, 12.0], [21.0, 32.0, 4.0, 19.0, 12.0], [17.0, 32.0, 4.0, 19.0, 12.0]], "best_fitness_list": [47869733.77035563, 47869733.77035563, 47869733.77035563, 47869733.77035563, 47869733.77035563, 47820023.8515818, 47820023.8515818, 47820023.8515818, 47820023.8515818, 47820023.8515818, 47820023.8515818, 47820023.8515818, 47820023.8515818, 47820023.8515818, 47202845.91879462, 47202845.91879462, 47202845.91879462, 47202845.91879462, 47202845.91879462, 47202845.91879462, 47202845.91879462, 47202845.91879462, 47153136.00002079, 47153136.00002079, 47153136.00002079, 47153136.00002079, 47153136.00002079, 47153136.00002079, 47153136.00002079, 47153136.00002079, 39134174.99707532, 39553013.75437117, 47202845.91879462, 41349028.925734, 33216892.28861479, 39705519.258250445, 40416359.740098804, 43137447.45341775, 39705519.258250445, 33216892.28861479, 42978125.005162895, 43137447.45341775, 37957087.789823204, 40461826.16010617, 37358803.108549446, 30850120.45591031, 44721297.1533871, 42486591.200028494, 34547333.03030684, 38790016.30227788, 44721297.1533871, 42043822.0641699, 43407389.82691258, 44985335.125504196, 44287175.93786344, 41715351.11603881, 44671587.23461327, 46176891.73546437, 31972460.63290487, 46893384.922630265]}