{"parameter": {"optimized_var_num": 5, "optimized_var_range": [[12, 32], [2, 22], [12, 32], [12, 32], [0, 10]], "pop_size": 60, "num_generation": 80}, "best_gene": [19.0, 11.0, 32.0, 25.0, 0.0], "best_fitness": 45968314.403581336, "best_gene_list": [[19.0, 11.0, 32.0, 25.0, 0.0], [19.0, 11.0, 32.0, 25.0, 0.0], [19.0, 11.0, 32.0, 25.0, 0.0], [19.0, 11.0, 32.0, 25.0, 0.0], [19.0, 11.0, 32.0, 25.0, 0.0], [19.0, 11.0, 32.0, 25.0, 0.0], [19.0, 11.0, 32.0, 25.0, 0.0], [19.0, 11.0, 32.0, 25.0, 0.0], [19.0, 11.0, 32.0, 25.0, 0.0], [19.0, 11.0, 32.0, 25.0, 0.0], [19.0, 11.0, 32.0, 25.0, 0.0], [19.0, 11.0, 32.0, 25.0, 0.0], [19.0, 11.0, 32.0, 25.0, 0.0], [19.0, 11.0, 32.0, 25.0, 0.0], [19.0, 11.0, 32.0, 25.0, 0.0], [19.0, 11.0, 32.0, 25.0, 0.0], [19.0, 11.0, 32.0, 25.0, 0.0], [19.0, 11.0, 32.0, 25.0, 0.0], [19.0, 11.0, 32.0, 25.0, 0.0], [19.0, 11.0, 32.0, 25.0, 0.0], [19.0, 11.0, 32.0, 25.0, 0.0], [19.0, 11.0, 32.0, 25.0, 0.0], [19.0, 11.0, 32.0, 25.0, 0.0], [19.0, 11.0, 32.0, 25.0, 0.0], [19.0, 11.0, 32.0, 25.0, 0.0], [19.0, 11.0, 32.0, 25.0, 0.0], [19.0, 11.0, 32.0, 25.0, 0.0], [19.0, 11.0, 32.0, 25.0, 0.0], [19.0, 11.0, 32.0, 25.0, 0.0], [19.0, 11.0, 32.0, 25.0, 0.0], [14.0, 11.0, 32.0, 25.0, 0.0], [19.0, 11.0, 32.0, 25.0, 3.0], [19.0, 19.0, 32.0, 25.0, 0.0], [19.0, 11.0, 32.0, 15.0, 0.0], [19.0, 11.0, 32.0, 25.0, 0.0], [19.0, 11.0, 31.0, 25.0, 0.0], [19.0, 11.0, 32.0, 25.0, 4.0], [18.0, 11.0, 32.0, 25.0, 0.0], [19.0, 11.0, 14.0, 25.0, 0.0], [19.0, 11.0, 31.0, 25.0, 0.0], [19.0, 13.0, 32.0, 25.0, 0.0], [19.0, 11.0, 28.0, 25.0, 0.0], [19.0, 11.0, 32.0, 25.0, 8.0], [19.0, 11.0, 32.0, 24.0, 0.0], [13.0, 11.0, 32.0, 25.0, 0.0], [19.0, 18.0, 32.0, 25.0, 0.0], [19.0, 11.0, 32.0, 28.0, 0.0], [19.0, 11.0, 32.0, 31.0, 0.0], [19.0, 11.0, 32.0, 14.0, 0.0], [19.0, 11.0, 32.0, 25.0, 0.0], [19.0, 11.0, 14.0, 25.0, 0.0], [19.0, 11.0, 13.0, 25.0, 0.0], [19.0, 11.0, 26.0, 25.0, 0.0], [19.0, 11.0, 16.0, 25.0, 0.0], [16.0, 11.0, 32.0, 25.0, 0.0], [32.0, 11.0, 32.0, 25.0, 0.0], [14.0, 11.0, 32.0, 25.0, 0.0], [19.0, 11.0, 32.0, 21.0, 0.0], [19.0, 11.0, 31.0, 25.0, 0.0], [19.0, 17.0, 32.0, 25.0, 0.0]], "best_fitness_list": [45968314.403581336, 45968314.403581336, 45968314.403581336, 45968314.403581336, 45968314.403581336, 45968314.403581336, 45968314.403581336, 45968314.403581336, 45968314.403581336, 45968314.403581336, 45968314.403581336, 45968314.403581336, 45968314.403581336, 45968314.403581336, 45968314.403581336, 45968314.403581336, 45968314.403581336, 45968314.403581336, 45968314.403581336, 45968314.403581336, 45968314.403581336, 45968314.403581336, 45968314.403581336, 45968314.403581336, 45968314.403581336, 45968314.403581336, 45968314.403581336, 45968314.403581336, 45968314.403581336, 45968314.403581336, 27789652.116630696, 45968314.403581336, 35253235.35853917, 27796495.69442462, 45968314.403581336, 42830931.88016975, 44645640.126437314, 40820723.32162676, 32386404.00999383, 25268436.26436598, 39730600.57865127, 42136863.937288314, 27796495.69442462, 32122543.95176442, 29769849.21661558, 32083803.917266026, 44616354.25415557, 42136863.937288314, 23553361.92952382, 39613617.020780295, 38951066.9062514, 34630261.29431407, 42318272.47407326, 37096304.576168604, 39882660.98131353, 37041975.225690395, 36438549.79972361, 42961617.38614583, 35169021.533847734, 39559059.15234741]}