{"parameter": {"optimized_var_num": 5, "optimized_var_range": [[12, 32], [0, 10], [12, 32], [12, 32], [2, 22]], "pop_size": 60, "num_generation": 80}, "best_gene": [19.0, 0.0, 32.0, 25.0, 11.0], "best_fitness": 45994933.68127657, "best_gene_list": [[19.0, 0.0, 32.0, 25.0, 11.0], [24.0, 0.0, 32.0, 18.0, 11.0], [24.0, 0.0, 32.0, 18.0, 11.0], [24.0, 0.0, 32.0, 18.0, 11.0], [24.0, 0.0, 32.0, 18.0, 11.0], [24.0, 0.0, 32.0, 18.0, 11.0], [24.0, 0.0, 32.0, 18.0, 11.0], [24.0, 0.0, 32.0, 18.0, 11.0], [24.0, 0.0, 32.0, 18.0, 11.0], [24.0, 0.0, 32.0, 18.0, 11.0], [24.0, 0.0, 32.0, 18.0, 11.0], [24.0, 0.0, 32.0, 18.0, 11.0], [24.0, 0.0, 32.0, 18.0, 11.0], [24.0, 0.0, 32.0, 18.0, 11.0], [24.0, 0.0, 32.0, 18.0, 11.0], [25.0, 0.0, 32.0, 19.0, 11.0], [25.0, 0.0, 32.0, 19.0, 11.0], [25.0, 0.0, 32.0, 19.0, 11.0], [25.0, 0.0, 32.0, 19.0, 11.0], [25.0, 0.0, 32.0, 19.0, 11.0], [25.0, 0.0, 32.0, 19.0, 11.0], [25.0, 0.0, 32.0, 19.0, 11.0], [25.0, 0.0, 32.0, 19.0, 11.0], [25.0, 0.0, 32.0, 19.0, 11.0], [25.0, 0.0, 32.0, 19.0, 11.0], [25.0, 0.0, 32.0, 19.0, 11.0], [25.0, 0.0, 32.0, 19.0, 11.0], [25.0, 0.0, 32.0, 19.0, 12.0], [25.0, 0.0, 32.0, 19.0, 12.0], [25.0, 0.0, 32.0, 19.0, 12.0], [22.0, 0.0, 32.0, 18.0, 11.0], [28.0, 0.0, 32.0, 18.0, 11.0], [24.0, 0.0, 32.0, 27.0, 11.0], [22.0, 0.0, 32.0, 18.0, 11.0], [24.0, 0.0, 32.0, 19.0, 11.0], [24.0, 0.0, 14.0, 18.0, 11.0], [21.0, 0.0, 32.0, 18.0, 11.0], [24.0, 0.0, 32.0, 18.0, 12.0], [20.0, 0.0, 32.0, 18.0, 11.0], [24.0, 0.0, 32.0, 18.0, 16.0], [24.0, 0.0, 32.0, 18.0, 14.0], [24.0, 0.0, 32.0, 30.0, 11.0], [24.0, 0.0, 32.0, 18.0, 13.0], [24.0, 0.0, 32.0, 18.0, 20.0], [24.0, 0.0, 32.0, 19.0, 19.0], [25.0, 0.0, 32.0, 19.0, 10.0], [25.0, 0.0, 32.0, 19.0, 9.0], [25.0, 0.0, 32.0, 14.0, 11.0], [25.0, 0.0, 29.0, 19.0, 11.0], [25.0, 0.0, 32.0, 18.0, 11.0], [25.0, 0.0, 16.0, 19.0, 11.0], [25.0, 0.0, 32.0, 27.0, 11.0], [25.0, 1.0, 32.0, 19.0, 11.0], [25.0, 0.0, 32.0, 14.0, 11.0], [25.0, 0.0, 32.0, 20.0, 11.0], [25.0, 5.0, 32.0, 19.0, 11.0], [25.0, 0.0, 32.0, 19.0, 9.0], [25.0, 0.0, 25.0, 19.0, 12.0], [25.0, 0.0, 13.0, 19.0, 12.0], [25.0, 0.0, 17.0, 25.0, 11.0]], "best_fitness_list": [45994933.68127657, 45858337.53978589, 45858337.53978589, 45858337.53978589, 45858337.53978589, 45858337.53978589, 45858337.53978589, 45858337.53978589, 45858337.53978589, 45858337.53978589, 45858337.53978589, 45858337.53978589, 45858337.53978589, 45203065.13109657, 45203065.13109657, 45203065.13109657, 45203065.13109657, 45203065.13109657, 45203065.13109657, 45203065.13109657, 45203065.13109657, 45203065.13109657, 45203065.13109657, 45203065.13109657, 45202949.12491189, 45202949.12491189, 45202949.12491189, 45202949.12491189, 45202949.12491189, 45201227.620994285, 42466092.21382353, 45858337.53978589, 45858337.53978589, 44255000.76278245, 44883814.77914709, 43995082.66859006, 31721698.81323018, 44286164.58698053, 29263731.052455798, 37886467.08131796, 31762714.231556498, 44883814.77914709, 37533045.07680497, 42357984.78089573, 36467506.35781625, 37795111.73056649, 41948481.5444254, 29454167.812347583, 41948481.5444254, 26729201.826615095, 37945692.890758775, 39175560.5743056, 41747616.31035332, 36402734.30529422, 25448119.57266579, 41120638.400665596, 45203065.13109657, 41112922.931248784, 41118800.890563324, 36467506.35781625]}